prefix,segmented
costtoken,cost token
alfatitizarahcenter,alfa titi zarah center
linglinfa,ling lin fa
jorgemoya,jorge moya
huwankj,huwan kj
dreamsanddives,dreams and dives
clinescommercialservices,clines commercial services
casinosuggestion,casino suggestion
shantaerbolden,shanta er bolden
ampedupup,amped up up
amarbajacoffee,amar baja coffee
checkmatekatta,checkmate katta
hoteldispatch,hotel dispatch
inuplink,in uplink
vhresidential,vh residential
alicebanksinbox,alice banks inbox
greenlypackaging,greenly packaging
sernaavery,serna avery
huangdicom,huang di com
sublingualglp,sublingual glp
loadbearconcrete,load bear concrete
766betrm,766 bet rm
eusoukfwin,eusoukf win
shopexmatjar,shop ex mat jar
octroncapital,octron capital
lizzagone,lizza gone
equalframe,equal frame
hoffmanbootsco,hoffman boots co
nuitease,nuit ease
clidepot,cli depot
charjyun,charjyun
qixingdui,qi xing dui
christianalucas,christian a lucas
perfectpu,perfect pu
onlinelivegambling,online live gambling
landspacex,land space x
askerigucu,askeri gucu
tayjionai,tay jionai
zeniex,zeni ex
ddenterprisetravel,dd enterprise travel
purrhomes,purr homes
buixits,buixits
mardianapopularenterprise,mardiana popular enterprise
phpmoneyph,php money ph
glp4dogs,glp 4 dogs
blsurgery,bl surgery
atomicmediainc,atomic media inc
inchoatelabs,inchoate labs
maimoji,mai moji
businessfixuae,business fix uae
investasya,invest asya
clawwink,claw wink
qostap,qostap
llaweb,lla web
swcustompaint,sw custom paint
pioneertowncoffeeoutpost,pioneertown coffee outpost
eyeameye,eye am eye
pradabet516,prada bet 516
patioscoracho,patios coracho
heartlanddronesllc,heartland drones llc
lawatedomains,lawate domains
bolandovalleigh,bolando valleigh
fitnfurniture,fit n furniture
yuncheda,yun che da
joostwaals,joost waals
fabulaar,fabulaar
temlyder,temlyder
qianatourandtravel,qiana tour and travel
legionellaspecialist,legionella specialist
houstonaipros,houston ai pros
ncadigitaltraining,nca digital training
barterandtradegame,barter and trade game
infinitecraps,infinite craps
amusementstandards,amusement standards
mrmedicalschool,mr medical school
rsbfoot,rsb foot
lcdesigner,lc designer
bindbrain,bind brain
hellosnoopy,hello snoopy
movementdetective,movement detective
heymeadow,hey meadow
uytrewqa,uytrewqa
riegeradventure,rieger adventure
tatadream,tata dream
duvarkagidi34,duvar kagidi 34
laodontologiaespecializada,la odontologia especializada
drehabhafez,dre habha fez
juletoto,jule toto
zynovvatech,zynovva tech
lacasitadelantojo,la casita del antojo
singleberlin,single berlin
rolesh,rolesh
phyzioguy,phyzio guy
housedealsportal,house deals portal
downtownsea,downtown sea
vitaminvemineral,vitamin ve mineral
uientdueko,u ient dueko
ceramicseal3d,ceramic seal 3d
aurasiaventures,aurasia ventures
constructionsiteerp,construction site erp
empirenodes,empire nodes
eveandafter,eve and after
shop2shiop,shop 2 shiop
betpixs,bet pixs
ravennoirmind,raven noir mind
quickverus,quick verus
thefacebow,the face bow
yakkykat,yakky kat
kaupunkidiili,kaupunki diili
acepolly,ace polly
creativedeviancy,creative deviancy
zestsemi,zest semi
laventedusud,la vente du sud
ocsparkleinc,oc sparkle inc
cottamyden,cotta my den
mariedemoss,marie de moss
snorerase,snore erase
estudioeterno,estudio eterno
swellcamp,swell camp
3digitalgroup,3 digital group
lahlah207,lah lah 207
valuesorvoids,values or voids
frutayverdura,fruta y verdura
vintoriabeauty,vintoria beauty
codigodivinno2,codigo divinno 2
meddaycarex,med daycare x
vintekcn,vintek cn
greenroofrestore,green roof restore
empirelube,empire lube
privejourney,prive journey
execnova,exec nova
zmplusbd,zm plus bd
yelabindia,ye lab india
114wmain,114 wmain
nbaswisscheesed,nba swiss cheese d
trusensetech,tru sense tech
aidakoleji,aida koleji
courtminder,court minder
pinasscatterphp,pinas scatter php
miramissuu,mira missuu
jcannia,jc annia
beansproutartstudio,bean sprout art studio
jessrhowardart,jess rh howard art
builtwithclaw,built with claw
carlosbarcenas,carlos barcenas
treatsvariants,treats variants
blogvanbruntco,blog van brunt co
yourdocadvisor,your doc advisor
decimusrobotics,decimus robotics
deployclawd,deploy clawd
thetrendypassport,the trendy passport
farmaita,farma ita
lapercherie,la percherie
xixipic,xixi pic
shepherdcommand,shepherd command
herculesamulligan,hercules a mulligan
zksing,zk sing
gtaconstruction242,gta construction 242
monetinblue,monet in blue
rodoyo,rodoyo
printfarmconnect,print farm connect
sountara,sountara
wekilmangotta,we kilman gotta
superiorfind,superior find
damianbonk,damian bonk
juxtaposeone,juxtapose one
ididitagainandagain,i did it again and again
bexarcreekvending,bexar creek vending
oakfree,oak free
aiqqyc,ai qqyc
inmexcap,in mex cap
hsmbio,hs mbio
99xinclub,99 xin club
bodydoublers,body doublers
bedfordandrose,bedford and rose
inferenceequity,inference equity
bitlegacytech,bit legacy tech
amonewyorkgrowth,amo new york growth
nilecrest,nile crest
bodajaioneyjavier,boda jaione y javier
wardensreport,wardens report
jameycopeland,jamey copeland
localesenmadrid,locales en madrid
transparentwa,transparent wa
hisandherthings,his and her things
zjjinshi,zj jin shi
dialtosell,dial to sell
theplatlab,the plat lab
jkrelecon,jk relecon
thequantumspies,the quantum spies
saleciviviknives,sale civivi knives
giulianocrivelli,giuliano crivelli
chenzhouls,chen zhou ls
chromaticmusicstudio,chromatic music studio
skypetveterinerklinigi,sky pet veteriner klinigi
pantiebay,panty bay
shijasmohidheen,shijas mohidheen
sccarpetcleaning,sc carpet cleaning
thebloomlet,the bloomlet
balsanco,balsan co
clantropz3,clantropz 3
bendigoprint,bendigo print
rtreasuryaix,rt treasury ai x
ohmygodtcg,oh my god tcg
connectwebzodiac,connect web zodiac
kadopin,kado pin
globekinai,globe kin ai
girldadsports,girl dad sports
zenithstor,zenith stor
studioviperbite,studio viper bite
dripxbrand,drip x brand
shannonchandleytruth,shannon chandley truth
gatorparkfun,gator park fun
localnews247,local news 247
tengboo,tengboo
kanasudoutomin1,kana sudo utomin 1
bratzsouthafrica,bratz south africa
ssvip018,ss vip 018
ckcbet82,ckc bet 82
axeronstore,axeron store
advisoryint,advisory int
chatcoachy,chat coachy
ivrescue,iv rescue
fayzom,fayzom
saienterprisesindia,sai enterprises india
traveldoorlock,travel door lock
tokrirotis,tokri rotis
hilyanew,hilya new
rrexai,rr ex ai
bebamed,beba med
fandomloot,fandom loot
pyripay,pyri pay
288qsos,288 qsos
relayrunapp,relay run app
laraskoblikova,lara skoblikova
szekergergo,szeker gergő
lumihealthco,lumi health co
shopniyema,shop niyema
tribalordervault,tribal order vault
environments3d,environments 3d
gildasanctilucae,gilda sancti lucae
max485,max 485
hoorafranchise,hoora franchise
beautyleg4k,beauty leg 4k
benortize,ben ortize
mortonthebot,morton the bot
bazarevents,bazar events
avyableu,avya bleu
thisoneline,this one line
velasquezmv,velasquez mv
yildizsoytorna,yildiz soy torna
espacioshinzo,espacio shinzo
bawabatnajd,bawabat najd
vipashaadventure,vip asha adventure
byvelixa,by velixa
geoorrrgeee,geo orrr geee
blendedtogetherdesigns,blended together designs
blackaylogistics,black ay logistics
isthatapi,is that api
ruralbuildersguide,rural builders guide
daffiliates,da affiliates
juanpicos,juan picos
argeniscap,argenis cap
calusabank,calusa bank
serenityhomehsc,serenity home hsc
wjhukm,wjhukm
mudraloanind,mudra loan ind
ksatalk,ksa talk
hakunamafuckit,hakuna ma fuck it
motogust,moto gust
jarreddelicacies,jarred delicacies
lasertagannapolis,laser tag annapolis
rigovo,rigovo
digitalcli,digital cli
meghanbmurphy,meghan b murphy
tamperline,tamper line
mtsebolaattorneys,mt sebola attorneys
booksmartstay,book smart stay
aaveme,aaveme
target87,target 87
classicshope,classic shope
bosonline1,bos online 1
zhenxingjixie,zhen xing ji xie
highchairlife,high chair life
vicengineers,vic engineers
diamondtourscr,diamond tours cr
originbrief,origin brief
blissfulbookings,blissful bookings
joinhumanhealth,join human health
powertechtransformer,power tech transformer
lumaround7,luma round 7
estanciapedrasdefel,estancia pedras de fel
sourcingspotuk,sourcing spot uk
mestresdocod,mestres do cod
yachtasist,yacht asist
aamaraconsultancy,aamara consultancy
meetamyx,meet amy x
clubesociorico,clube socio rico
diprican,di prican
landscapingcarepros,landscaping care pros
cridhecounselling,cridhe counselling
colsoncreek,colson creek
epwwellness,epw wellness
lezitao,lezitao
lucenrahealth,lucenra health
helios16,helios 16
ondaondurumevi,onda ondurum evi
hacemoscuentas,hacemos cuentas
lamayoriapadelclub,la mayoria padel club
viagroupsolutions,via group solutions
trumpruinsus,trump ruins us
katesolomonpolo,kate solomon polo
axisjo,axis jo
chaneliieatz,chanel ii eatz
shiiilog,shiii log
littleparco,little parco
assetprotectionroofing,asset protection roofing
3uvgtop,3u vg top
nopellandzander,no pell and zander
digiooh,digi ooh
kwirasystems,kwira systems
executiveal,executive al
sportoubo,sport oubo
simitporplacasco,simit por placas co
abduaboshehab,abdu abo shehab
courtneyandmani,courtney and mani
brasserieleonard,brasserie leonard
electropermanentmagnets,electro permanent magnets
aoyamapickle,aoyama pickle
pouncingandbouncing,pouncing and bouncing
ekehabla,eke habla
sizzleseason,sizzle season
delvorio,delvorio
artmintdigitalmint,art mint digital mint
miterms,mi terms
pledgetv,pledge tv
arguxai,argux ai
pekihub,peki hub
hedhabview,hedhab view
kalsihut,kalsi hut
cliprofile,cli profile
palombinicaffe,palombini caffe
saicindustry,saic industry
entexfiltration,ent exfiltration
izziemurphyart,izzie murphy art
extinctable,extinctable
freebonusrummy,free bonus rummy
savipclub7,sa vip club 7
alexisbioactive,alexis bioactive
fundationwp,fundation wp
nodoubtnation,no doubt nation
satiseedsindia,sati seeds india
jystarproperties,jy star properties
lavenderwellnessandspa,lavender wellness and spa
eurekamaster,eureka master
compliancecli,compliance cli
raaheislam,raahe islam
arakreasi,arak reasi
thelondonscott,the london scott
ibisgioielli,ibis gioielli
griptattz,grip tattz
teamsmartfunnel,team smart funnel
oscarcichlids,oscar cichlids
migratecli,migrate cli
imrecouvrement,im recouvrement
hunthomesolutions,hunt home solutions
albahiwatertank,al bahi water tank
godcal,god cal
robottechniciantraining,robot technician training
nexgentechpro,nexgen tech pro
localsteamers,local steamers
bloosit,bloosit
logiatecno,logia tecno
pacificcoastdrapery,pacific coast drapery
vitalhealthhormones,vital health hormones
ronartrading,ronar trading
zengjunjie,zeng jun jie
nivarmarketing,nivar marketing
althena1,althena 1
cricketbanter,cricket banter
kudubiz,kudu biz
froylancafe,froylan cafe
larseg,lar seg
aquaneer,aqua neer
concentratobucato,concentrato bucato
sneakervaults,sneaker vaults
operaetkinlik,opera etkinlik
moscoueyewear,moscou eyewear
soilandseoul,soil and seoul
volumevector,volume vector
criterioncp,criterion cp
rayruifengren,ray rui feng ren
gingijones,gingi jones
kickball777,kickball 777
astmos,ast mos
softacai,soft acai
220mods,220 mods
whoisshannonchandley,who is shannon chandley
zingafoods,zinga foods
gotatickett,got a tickett
play9goonline,play 9go online
slasherwick,slasher wick
bluerhyme,blue rhyme
nihilysis,nihilysis
mothermarycoffee,mother mary coffee
dccompleteservices,dc complete services
meishijiameng58,mei shi jia meng 58
villasmiloetmalou,villas milo et malou
mmulfc,mmu lfc
sanantonioautobodyparts,san antonio auto body parts
nestgobase,nest go base
roundproai,round pro ai
matbetyenigirisresmi,matbet yeni giris resmi
deltabkc2,delta bkc2
glory30,glory 30
shehinataxes,shehina taxes
qasaiq,qasaiq
flowagentiq,flow agentiq
memoriafilmica,memoria filmica
safrispec,safri spec
104betfb,104 bet fb
miamilivingnow,miami living now
mabevictelecom,mabevic telecom
heightornot,height or not
sjworldgate,sj world gate
nanosheald,nano sheald
theahalearner,the aha learner
sportinggoodsshoes,sporting goods shoes
sprinklejungle,sprinkle jungle
hillsidekensington,hillside kensington
volerisglobal,voleris global
therealestateclassapex,the real estate class apex
finesthics,finest hics
cardiovascularsupport,cardiovascular support
luoxiaofei,luo xiao fei
wbarbershops,w barber shops
nouveauparebrise,nouveau pare brise
chattarpurstore,chattarpur store
islandironfirepits,island iron fire pits
modpact,mod pact
identityriskadvisor,identity risk advisor
grenadierslibrary,grenadiers library
efsino181,efsino 181
alessandrolassi,alessandro lassi
attodoctor,atto doctor
jordanjungle,jordan jungle
thetipsybot,the tipsy bot
bordaditosmex,bordaditos mex
tacoandhappy,taco and happy
seasprayglobal,sea spray global
goldsilverbar,gold silver bar
rainlendingservices,rain lending services
unasolafeunasolaiglesia,una sola fe una sola iglesia
romstaworld,romsta world
jogindertanikella,joginder tani kella
egirlleaks,egirl leaks
615betuu,615 bet uu
collegesororitygirls,college sorority girls
showfloorstudio,show floor studio
hotelvillacostera,hotel villa costera
founderfirstaid,founder first aid
wellscostudio,wells co studio
thanaazxgr8,thana azx gr8
awakenwithshari,awaken with shari
kalaiohana,kalai ohana
dandeliresortfinder,dandel i resort finder
taklefah,taklefah
djfmedia,dj f media
thatgratefulguy,that grateful guy
yili100,yi li 100
muroconsultoria,muro consultoria
sreeragp,sreerag p
verticomply,verti comply
siharadigital,sihara digital
sthaea,sthaea
euporalaw,eupora law
thestagearts,the stage arts
suksesterusmgm,sukses terus mgm
koreconcierge,korea concierge
juragankoin9,juragan koin 9
livepulseai,live pulse ai
winc44,winc 44
tradetoolsstore,trade tools store
jaysbooter,jays booter
limocubes,limo cubes
sorteopy,sorteo py
browserorb,browser orb
lunanijoseph,luna ni joseph
isabellim,isabellim
letsplayforpeace,lets play for peace
nowstaybed,now stay bed
myportraitcare,my portrait care
zudeasy,zud easy
caelianhouse,caelian house
doyoumowbro,do you mow bro
ellasescapades,ellas escapades
instantgroupinsurance,instant group insurance
radianceagent,radiance agent
empirefiveshop,empire five shop
hipledge,hip ledge
bfmundo,bf mundo
secondswingpadel,second swing padel
saltsoundsoul,salt sound soul
nisharao,nisha rao
thecozyremodel,the cozy remodel
segundaolanyc,segunda ola nyc
bestofmakati,best of makati
harshsecurity,harsh security
shawerme,shawerme
refor360,re for 360
aidemeet,aide meet
qrfindr,qr findr
thorndalefitnessandtanning,thorndale fitness and tanning
67betrm,67 bet rm
pagoshotelisabel,pagos hotel isabel
mediatricefamiliale66,mediatrice familiale 66
reidiculousmedia,reidiculous media
serahang,sera hang
ziatogelwap,zia togel wap
huatengjiaoyu,hua teng jiao yu
truepointplumbing,true point plumbing
houseofgenetics,house of genetics
libervale,liber vale
sofamypad,sofa my pad
travelearnwithsharon,travel learn with sharon
alparslanpeysaj,alparslan pey saj
redrabbitx,red rabbit x
nridispute,nri dispute
rxfuwu,rxf uwu
faridomo,faridomo
thebylinebitch,the byline bitch
demogenvc,demo gen vc
yunbaomall,yun bao mall
alistairkeane,alistair keane
revesvoir,reves voir
aljindiadvisory,al jindi advisory
caponewallet,capone wallet
sinopiao,sino piao
documentrequirements,document requirements
tekgirisi,tek girisi
gambarslotrealz,gambar slot realz
awardcertificateframes,award certificate frames
kredetelabs,kredete labs
qahwalime,qahwa lime
newcoldstart,new cold start
heratan,hera tan
synork,synork
neuraora,neura ora
nuwela,nuwela
qapturehalo,qapture halo
loandocx,loan docx
shalvaromde,shalvar omde
kedungsari,kedung sari
calo12,calo 12
theleadershipdrop,the leadership drop
aicompanionhq,ai companion hq
zoarai,zo arai
b2vgroup,b2v group
ouyu78,ouyu 78
iconsimages,icons images
blestdesarrollos,blest desarrollos
arizonapeds,arizona peds
aminezr,amine zr
juristkalmar,jurist kalmar
griffingarnermedia,griffin garner media
ailluse,ai lluse
emilywilsonnash,emily wilson nash
japantravelsecrets,japan travel secrets
deepbotix,deep botix
thermacush,therma cush
createyourvibellc,create your vibe llc
horarun,hora run
theaiethos,the ai ethos
kinzabahrain,kinza bahrain
positiveimagesphoto,positive images photo
feruzamakeup,feruza makeup
creativecraftpatterns,creative craft patterns
fadyma,fady ma
moltbookcompete,molt book compete
allisonhoranmd,allison horan md
monicapachoninternista,monica pachon internista
promtrendz,prom trendz
rivalloseguidores,rival los seguidores
greatestshoes,greatest shoes
brettit,brett it
jiyuelin,ji yue lin
clevelandhall,cleveland hall
menumxpress,menu mxpress
damiensalancon,damien salancon
arreborn,ar reborn
orderonscreens,order on screens
yourepicvibe,your epic vibe
singapic,singa pic
praxijo,praxijo
blliley,blliley
vicscapes,vic scapes
olasmart,ola smart
actuatorstore,actuator store
shashababy,shasha baby
ttsapp,tts app
cnyummy,cn yummy
smartrealtynetwork,smart realty network
picknpay24,pick n pay 24
tchcusa,tchc usa
emprendeconwendy25,emprende con wendy 25
socialitez,socialite z
foyiya,foyiya
winnerschapeleverett,winner schape leverett
leidsnews,leids news
zhyundingyule,zh yun ding yu le
tothepointexam,to the point exam
theacademicactionhero,the academic action hero
socialsides,social sides
leanintogratitude,lean into gratitude
nantisayainfo,nantisaya info
joyleading,joy leading
casinobet333,casino bet 333
loficar,lofi car
sunlitcarrspa,sunlit carr spa
joesbossfiles,joes boss files
thatsreallyuseful,thats really useful
pyriwallet,pyri wallet
nualamedia,nuala media
almoraclothing,almora clothing
umrahnation,umrah nation
negociosyserviciojyr,negocios y servicio jyr
gamedaychanger,game day changer
trolleyshield,trolley shield
heroaeo,hero aeo
passiveandaggressive,passive and aggressive
kohlerdigital,kohler digital
oddindia,odd india
lollyjohnson,lolly johnson
lithiumhuub,lithium huub
abodelyn,abode lyn
webtasarimelazig,web tasarim elazig
glezinspo,glez inspo
carlindrinks,carlin drinks
jhendersonbooks,j henderson books
saigonkiosk,saigon kiosk
trupointconect,tru point conect
jendanyoga,jen dan yoga
thewinbot,the win bot
tunalika,tunalika
studio3ply,studio 3 ply
agentreadinessaudit,agent readiness audit
charmedpenny,charmed penny
markuptomaster,markup to master
hummsuccess,humm success
ryanhudsonwoodturning,ryan hudson wood turning
jmomjiantrucking,j momjian trucking
mimelijewelry,mimeli jewelry
postonhq,post on hq
theredpandaconnection,the red panda connection
yidengbing,yi deng bing
ongrowingyounger,on growing younger
shuangqingnews,shuang qing news
niragiraannebeatrice,niragira anne beatrice
paidradar,paid radar
swichtownth,swich town th
leonsnote,leons note
mindtrustoutsourcing,mind trust outsourcing
kaupanvahvistus,kaupan vahvistus
innovativesolutionsanddesign,innovative solutions and design
dallasautobodyparts,dallas auto body parts
gmsper,gms per
mrsbakerssourdough,mrs bakers sourdough
daawatsaathi,daawat saathi
zeefutureschool,zee future school
geniousgadget,genious gadget
globalvalora,global valora
homelandingplace,home landing place
traceambient,trace ambient
littlefarmcandleco,little farm candle co
wpbackstop,wp backstop
lovegou,love gou
clawfischer,claw fischer
goldenhournw,golden hour nw
mattiaverardi,mattia verardi
improvig,improvig
phgojackpot,ph go jackpot
fundrase,fundrase
merthavolixa,mertha volixa
adremare,adre mare
defairtours,defair tours
lillyve,lilly ve
atlasautobrokerage,atlas auto brokerage
banca789,banca 789
mansionbaluarte,mansion baluarte
deependrayadav,deependra yadav
tuneyads,tuney ads
clinicalprocare,clinical pro care
acrylicconceptt,acrylic conceptt
luxegohut,luxe go hut
thehindustanpanel,the hindustan panel
tilkix,tilkix
spasgo,spas go
okabc11,ok abc 11
gegexpress,geg express
ayushsoft,ayush soft
keevae,kee vae
tianbucd,tian bu cd
crateconnection,crate connection
biggrouper,big grouper
royalslot8,royal slot 8
twentease,twent ease
bouncedbot,bounced bot
bajapit,baja pit
elyssarundleart,elyssa rundle art
elektronixstore,elektronix store
miamaxhomes,mia max homes
caregiveragent,caregiver agent
jyvian,jy vian
cuteaiagent,cute ai agent
selectracoes,select racoes
ikasshop,ikas shop
wittetrading,witte trading
qrenixy,qrenixy
sumusbalt,sumus balt
srisasthabhavan,sri sastha bhavan
mazedhq,mazed hq
siqielectricmotor,siqi electric motor
mikaraimpact,mikara impact
bellsolbeauty,bell sol beauty
cinnelon,cinnelon
havencategory,haven category
helmlog,helm log
langsaupdate,langsa update
cakiravukatlik,cakir avukatlik
esencialynatural,esencial y natural
jeanhartstewart,jean hart stewart
forkfulsofflavor,forkfuls of flavor
brandidentityweb,brand identity web
esafiavi,esafi avi
32brokers,32 brokers
sandalsingh,sandal singh
sumpancup,sumpan cup
thejesusrevival,the jesus revival
managementtw,management tw
anasberrebie,anas berrebie
institutoavad,instituto avad
magadhamgroup,magadha m group
lourdesdenverocia,lourdes denver ocia
swizzn,swizzn
bogeti,bogeti
ipkolai,ip kolay
lanevoa,lane voa
grantedeyeinspections,granted eye inspections
showerremodelideas,shower remodel ideas
creaturequarterly,creature quarterly
idrslot13,idr slot 13
electrikit,elektri kit
lashaurabeauty,lash aura beauty
dukanroad,dukan road
bolaros,bola ros
beirutescorts69,beirut escorts 69
fatehshah,fateh shah
mirecom,mire com
magnetprinted,magnet printed
songfromheaven,song from heaven
dayusy,dayusy
thegeet,the geet
miatheharpist,mia the harpist
rtadsone,rt ads one
lexistice,lexistice
valorypag,valory pag
zprotax,z pro tax
ukvhul,ukv hul
somokey,somo key
caddokaikarate,caddo kai karate
argroupx,ar group x
slonewelluniversity,slonewell university
nanustechnologies,nanus technologies
karakuyumculuk,kara kuyumculuk
allpetping,all pet ping
cestapago,cesta pago
infanciadejesus,infancia de jesus
ainfracloud,ai infra cloud
lefabr,le fabr
arizonadraftcleaning,arizona draft cleaning
formosapower,formosa power
thelittleacrekitchen,the little acre kitchen
wguizhoujinhao,w guizhou jinhao
sprixiepapercreations,sprixie paper creations
lnbienesraices,ln bienes raices
galedramatis,gale dramatis
sofconsortium,sof consortium
tweetradiusrfg,tweet radius rfg
cervezacitrus,cerveza citrus
thekernelnewsletter,the kernel newsletter
otomotorent,oto moto rent
sanagracemoss,sana grace moss
nookgetyard,nook get yard
n8ncheap,n8 n cheap
cognativeclarity,cognative clarity
evocsconnect,evocs connect
nicofrankino,nico frankino
schophile,schophile
unitedinex,united inex
magboybot,mag boy bot
roxanneatimetoheal,roxanne a time to heal
apieurasia,api eurasia
syrtas,syrtas
casagohaus,casa go haus
mountwellingtonfood,mount wellington food
keepkalmandkarryon,keep kalm and karry on
natofi,natofi
crossbordercargo,cross border cargo
ruxitrading,ruxi trading
washthemwindows,wash them windows
16betvipslots,16 bet vip slots
telegrou,telegrou
scoutcart,scout cart
baluctacreekfarms,balucta creek farms
getlocalflowers,get local flowers
wesleybratko,wesley bratko
phxsovereign,phx sovereign
usmable,us mable
spotteralliance,spotter alliance
azimondia,azimondia
habitoswim,habito swim
lawfirmsinmumbai,law firms in mumbai
digitalnomadspin,digital nomads pin
maestroassistentepedagogico,maestro assistente pedagogico
souporstew,soup or stew
tradinguniform,trading uniform
dangiindustries,dangi industries
alojadigital,aloja digital
jazzaverse,jazz averse
eternaaccessories,eterna accessories
mojigatostudio,moji gato studio
adhenterprisesllc,adh enterprises llc
samkaleenbooks,sam kaleen books
chassecreatif,chasse creatif
cozyspacehaven,cozy space haven
teenpattmaster,teen patt master
cuidadodemae,cuidado de mae
engravedadornments,engraved adornments
useyardio,use yardio
manifestationtoday,manifestation today
visionsvibes,visions vibes
lifeinsprotection,life ins protection
seedsarevital,seeds are vital
topgolfindoor,top golf indoor
theottercreekedit,the otter creek edit
jocsonline,jocs online
talharf,talharf
ecommerceleads,ecommerce leads
rafiqo,rafiqo
gjprime,gj prime
viragostar,virago star
domcrudo,dom crudo
bluelinerentalservices,blue line rental services
literqrisch,liter qrisch
sectioo,sectioo
obtanga,obtanga
violemon,vio lemon
lawnmaintpros,lawn maint pros
316inc,316 inc
loveandorhate,love and or hate
mediafeedr,media feedr
tryrepatched,try repatched
elarje,elar je
stonecurlewlaw,stone curlew law
zippydishes,zippy dishes
tracytalkstech,tracy talks tech
openagentteams,open agent teams
noichefscom,noi chefs com
pueblosabio,pueblo sabio
tablenbox,table n box
namaaryproperties,nama ary properties
gettitans,get titans
jasonbreakstheinternet,jason breaks the internet
radardedividendos,radar de dividendos
ipurelove,i pure love
scalmibio,scalmi bio
aslot6playgame,a slot 6 play game
mwchinese,mw chinese
queensjoy,queens joy
rangellandscapect,rangell landscape ct
emdadkhodro24,emdad khodro 24
uniqueproteinfood,unique protein food
aplegacyenterprises,ap legacy enterprises
deepdarkui,deep dark ui
vectorsdefence,vectors defence
noctacare,nocta care
clawcso,claw cso
sparkelode,sparkelode
clarionfcu,clarion fcu
x3jmyupy,x3jmyupy
tallerjosenavarro,taller jose navarro
aerolinkconnect,aero link connect
easyfinancess,easy financess
saranyababu,saranya babu
enscriptor,enscriptor
brainfogandchill,brain fog and chill
thehonestdoula,the honest doula
lapatedoree,la pate doree
officekanou,office kanou
rngpokemart,rng poke mart
cabsparaforce,cabs para force
nextdatateam,next data team
ytseyahat,yt seyahat
qlo8rqtv,qlo8rqtv
mullenpbg,mullen pbg
trudriveautogroup,tru drive auto group
aokintv,aokin tv
blayerinfra,blayer infra
iskelerehberi,iskele rehberi
mad4masks,mad 4 masks
improvingbody,improving body
celikcreative,celik creative
smislise,smislise
churchleddisplays,church led displays
clawexec,claw exec
standastitans,standas titans
fbbetbig,fb bet big
meetgrowforce,meet grow force
alonsojburgos,alonso j burgos
atriostechnologies,atrios technologies
nctmotoring,nct motoring
basedzerebro,based zerebro
mariahcrossman,mariah crossman
peoriaimprov,peoria improv
projectbenevolent,project benevolent
skoriapp,skori app
easysimesim,easy sim esim
joinbnlo,join bnlo
yimeipp,yimei pp
savajiheritage,savaji heritage
fusionrealmsgame,fusion realms game
finviewapp,fin view app
foktimes,fok times
bullcub,bull cub
jessicascottministries,jessica scott ministries
useadivio,use adivio
dyasourcing,dya sourcing
internetpresscentre,internet press centre
tecnoaprendo,tecno aprendo
keyviewmanagement,key view management
tbealtd,tbea ltd
kilomaticco,kilomatic co
abaloneeye,abalone eye
theartofconversation,the art of conversation
madeingracieux,made in gracieux
estidfranglais,est id franglais
bottoagent,bot to agent
sportbets360,sport bets 360
openpolocuba,open polo cuba
medspules,med spules
shoppersluv,shoppers luv
kanrotaexport,kanrota export
talk2roxy,talk 2 roxy
meriyenda,meriyenda
greyphon,grey phon
raulricano,raul ricano
torresconstrucciones,torres construcciones
colloidalchitosan,colloidal chitosan
jadanenterprise,jadan enterprise
querywebdata,query web data
perfecthightechdecks,perfect high tech decks
mathiaspainting,mathias painting
maslakototamirci,maslak oto tamirci
aitified,ai tified
riishbolen,riish bolen
limelegacy,lime legacy
7evennutrition,7 even nutrition
auxilux,auxilux
uptrendroi,uptrend roi
lvxianbao,lv xian bao
inmlasi,inm lasi
paperplanpicture,paper plan picture
hotleflorelogistics,hot leflore logistics
gioiaccessori,gioi accessori
karleycato,karley cato
domovetenamackite,domove tena mackite
chuangshizhu,chuang shi zhu
arcturustechin,arcturus tech in
mlbdigitalco,mlb digital co
specunpublished,spec unpublished
androidrecov,android recov
pioskiradio,pio ski radio
dikkish,dikkish
cediback,cedi back
masbro5,masbro 5
netzerolca,net zero lca
seedsbrazil,seeds brazil
forwardghana,forward ghana
gsaquatics,gsa aquatics
dhpressurewash,dh pressure wash
zoaqinewl5,zoaqi newl 5
plafondienst,plafon dienst
yggguo,ygg guo
vaultfill,vault fill
lguplvs,lgu plvs
fammentertainment,fam m entertainment
kiyusha,kiyusha
tonkagloveworks,tonka glove works
mashayakovlevaart,mashaya kovlevaart
officialsalza,official salza
